{
  "n_shared_genes": 1851,
  "ccle_n": 1673,
  "tcga_n": 8424,
  "ccle_tp53_rate": 0.5893604303646145,
  "tcga_tp53_rate": 0.3652659069325736,
  "ccle_minus_tcga_rate": 0.2240945234320409,
  "pca_pc1_var": 0.14487223941418556,
  "pca_pc2_var": 0.09688638208625686,
  "pca_top10_var": 0.5129123469530911,
  "tcga_per_type_top5_pos_rate": {
    "UCS": {
      "tp53_rate": 0.9122807017543859,
      "n": 57
    },
    "ESCA": {
      "tp53_rate": 0.8579234972677595,
      "n": 183
    },
    "READ": {
      "tp53_rate": 0.8539325842696629,
      "n": 89
    },
    "LUSC": {
      "tp53_rate": 0.8364779874213837,
      "n": 477
    },
    "HNSC": {
      "tp53_rate": 0.7054108216432866,
      "n": 499
    }
  },
  "tcga_per_type_bottom5_pos_rate": {
    "KIRP": {
      "tp53_rate": 0.02142857142857143,
      "n": 280
    },
    "TGCT": {
      "tp53_rate": 0.007751937984496124,
      "n": 129
    },
    "THCA": {
      "tp53_rate": 0.006122448979591836,
      "n": 490
    },
    "PCPG": {
      "tp53_rate": 0.00558659217877095,
      "n": 179
    },
    "UVM": {
      "tp53_rate": 0.0,
      "n": 80
    }
  }
}