class,count,fraction
Missense,613,0.7341317365269461
Nonsense,109,0.13053892215568863
Frameshift,48,0.05748502994011976
Splice,65,0.07784431137724551
