class,count,fraction
Missense,628,0.6369168356997972
Truncating,113,0.11460446247464504
Other,245,0.2484787018255578
