{
  "n_shared_genes": 1851,
  "ccle_oof_5fold_on_shared": {
    "n": 1673,
    "accuracy": 0.8505678421996413,
    "precision": 0.8504761904761905,
    "recall": 0.9056795131845842,
    "f1": 0.8772102161100196,
    "roc_auc": 0.904271149809118,
    "pr_auc": 0.9059437774534977,
    "positive_rate": 0.5893604303646145
  },
  "tcga_external": {
    "n": 8424,
    "accuracy": 0.5360873694207028,
    "precision": 0.43888807177526107,
    "recall": 0.9697757556061098,
    "f1": 0.604293236127987,
    "roc_auc": 0.805672667235124,
    "pr_auc": 0.7000545191403043,
    "positive_rate": 0.3652659069325736
  },
  "drop_ccle_to_tcga": {
    "accuracy": 0.31448047277893854,
    "f1": 0.27291697998203257,
    "roc_auc": 0.09859848257399406,
    "pr_auc": 0.2058892583131935
  }
}