{
  "model_kind": "gat",
  "run_name": "tcga_gat_hybrid",
  "graph_file": "data/processed/gene_graph_hybrid.npz",
  "feature_set": "expr_zscore",
  "n_layers": 2,
  "hidden_dim": 128,
  "best_val_auc_ccle": 0.7223169771713461,
  "tcga_metrics": {
    "n": 8424,
    "accuracy": 0.6347340930674265,
    "precision": 0.0,
    "recall": 0.0,
    "f1": 0.0,
    "roc_auc": 0.3916350239738489,
    "pr_auc": 0.304695730979634,
    "positive_rate": 0.3652659069325736
  }
}